{"parse_queue_size": 190, "e0c7faa0-8542-468a-b11a-a84a0f9dfb2b_screenshot": {"_type": "histogram", "values": [30451, 30486, 24908, 27048, 30596, 28510, 28968, 26964, 20992, 20466, 15005, 19007, 16879, 19236, 16044, 16911, 19032, 18405, 14547, 17806, 23053, 19969, 18794, 16340, 30038, 21029, 20140, 18170, 66902, 10575, 35062, 1197667], "bins": [0.0, 7.96875, 15.9375, 23.90625, 31.875, 39.84375, 47.8125, 55.78125, 63.75, 71.71875, 79.6875, 87.65625, 95.625, 103.59375, 111.5625, 119.53125, 127.5, 135.46875, 143.4375, 151.40625, 159.375, 167.34375, 175.3125, 183.28125, 191.25, 199.21875, 207.1875, 215.15625, 223.125, 231.09375, 239.0625, 247.03125, 255.0]}, "_runtime": 89, "_timestamp": 1616087767, "_step": 31, "parse_corrects": 4, "parse_incorrects": 1, "parse_speed": 0.09090909090909091, "51c4456b-b90a-440d-9120-8d0e4c427e29_screenshot": {"_type": "histogram", "values": [48649, 11426, 6731, 7821, 8674, 24191, 47310, 33600, 29765, 35286, 25169, 21056, 17363, 18246, 16417, 15726, 15621, 12985, 7791, 12049, 14863, 15345, 17109, 20245, 27820, 31087, 33176, 27342, 91510, 13645, 41902, 1170080], "bins": [0.0, 7.96875, 15.9375, 23.90625, 31.875, 39.84375, 47.8125, 55.78125, 63.75, 71.71875, 79.6875, 87.65625, 95.625, 103.59375, 111.5625, 119.53125, 127.5, 135.46875, 143.4375, 151.40625, 159.375, 167.34375, 175.3125, 183.28125, 191.25, 199.21875, 207.1875, 215.15625, 223.125, 231.09375, 239.0625, 247.03125, 255.0]}, "3c3c8c30-d3f1-457d-98fb-843b9f7237e3_screenshot": {"_type": "histogram", "values": [48452, 24134, 23979, 22513, 21934, 21643, 23459, 21435, 21342, 27676, 20914, 27492, 19625, 21130, 16885, 19361, 20285, 19094, 14658, 16800, 17560, 14329, 14437, 15543, 17272, 17099, 24222, 17735, 83648, 22327, 54079, 1168938], "bins": [0.0, 7.96875, 15.9375, 23.90625, 31.875, 39.84375, 47.8125, 55.78125, 63.75, 71.71875, 79.6875, 87.65625, 95.625, 103.59375, 111.5625, 119.53125, 127.5, 135.46875, 143.4375, 151.40625, 159.375, 167.34375, 175.3125, 183.28125, 191.25, 199.21875, 207.1875, 215.15625, 223.125, 231.09375, 239.0625, 247.03125, 255.0]}, "673988de-4585-4105-a7ad-b69f77528e5b_screenshot": {"_type": "histogram", "values": [17947, 7623, 12277, 13530, 15076, 18592, 19893, 21384, 28511, 36527, 32363, 32169, 27567, 23085, 13506, 10761, 10076, 10229, 8999, 11540, 9366, 5676, 5405, 6526, 13180, 12606, 12384, 15064, 37076, 10863, 36211, 1383988], "bins": [0.0, 7.96875, 15.9375, 23.90625, 31.875, 39.84375, 47.8125, 55.78125, 63.75, 71.71875, 79.6875, 87.65625, 95.625, 103.59375, 111.5625, 119.53125, 127.5, 135.46875, 143.4375, 151.40625, 159.375, 167.34375, 175.3125, 183.28125, 191.25, 199.21875, 207.1875, 215.15625, 223.125, 231.09375, 239.0625, 247.03125, 255.0]}, "downloads_corrects": 834, "downloads_incorrects": 481, "downloads_speed": 19.323529411764707, "downloads_queue_size": 14}