{"parse_queue_size": 776, "2d7ac8f3-bca2-41d3-b5aa-10e8cf354bec_screenshot": {"_type": "histogram", "values": [70056, 305307, 173523, 143029, 139530, 125590, 74871, 52292, 20437, 79711, 75, 4, 0, 156, 276, 26, 225, 223, 11, 2849, 614, 517, 546, 981, 11672, 156, 1211, 2093, 1594, 7961, 28475, 675989], "bins": [0.0, 7.96875, 15.9375, 23.90625, 31.875, 39.84375, 47.8125, 55.78125, 63.75, 71.71875, 79.6875, 87.65625, 95.625, 103.59375, 111.5625, 119.53125, 127.5, 135.46875, 143.4375, 151.40625, 159.375, 167.34375, 175.3125, 183.28125, 191.25, 199.21875, 207.1875, 215.15625, 223.125, 231.09375, 239.0625, 247.03125, 255.0]}, "_runtime": 155, "_timestamp": 1616161413, "_step": 43, "382ed614-936f-4fd2-b8ab-b99c334a261d_screenshot": {"_type": "histogram", "values": [134539, 40525, 38990, 32955, 30161, 26411, 24317, 22192, 22145, 25595, 21361, 20652, 19629, 20378, 18849, 20208, 19058, 19391, 17706, 20403, 19302, 15598, 12805, 11533, 21482, 12529, 9575, 11194, 58485, 8841, 33732, 1109459], "bins": [0.0, 7.96875, 15.9375, 23.90625, 31.875, 39.84375, 47.8125, 55.78125, 63.75, 71.71875, 79.6875, 87.65625, 95.625, 103.59375, 111.5625, 119.53125, 127.5, 135.46875, 143.4375, 151.40625, 159.375, 167.34375, 175.3125, 183.28125, 191.25, 199.21875, 207.1875, 215.15625, 223.125, 231.09375, 239.0625, 247.03125, 255.0]}, "0fd08620-5658-46d6-951d-f3f1f94b7f22_screenshot": {"_type": "histogram", "values": [87663, 15579, 13595, 17010, 18230, 13486, 12639, 12160, 27402, 22323, 10154, 17986, 9614, 11322, 8995, 10987, 11235, 12722, 12008, 15926, 18407, 16730, 19261, 20199, 26770, 21102, 27599, 21595, 100312, 24032, 53914, 1209043], "bins": [0.0, 7.96875, 15.9375, 23.90625, 31.875, 39.84375, 47.8125, 55.78125, 63.75, 71.71875, 79.6875, 87.65625, 95.625, 103.59375, 111.5625, 119.53125, 127.5, 135.46875, 143.4375, 151.40625, 159.375, 167.34375, 175.3125, 183.28125, 191.25, 199.21875, 207.1875, 215.15625, 223.125, 231.09375, 239.0625, 247.03125, 255.0]}, "5a4e823f-34bc-476e-8362-45daad7a1e27_screenshot": {"_type": "histogram", "values": [118080, 314204, 180706, 142998, 103913, 100204, 68341, 53701, 23145, 79054, 75, 4, 0, 156, 276, 26, 225, 223, 11, 2849, 614, 517, 546, 981, 11672, 156, 1211, 2093, 1594, 7961, 28475, 675989], "bins": [0.0, 7.96875, 15.9375, 23.90625, 31.875, 39.84375, 47.8125, 55.78125, 63.75, 71.71875, 79.6875, 87.65625, 95.625, 103.59375, 111.5625, 119.53125, 127.5, 135.46875, 143.4375, 151.40625, 159.375, 167.34375, 175.3125, 183.28125, 191.25, 199.21875, 207.1875, 215.15625, 223.125, 231.09375, 239.0625, 247.03125, 255.0]}, "parse_corrects": 15, "parse_incorrects": 4, "parse_speed": 0.17117117117117117, "downloads_corrects": 423, "downloads_incorrects": 175, "downloads_speed": 5.632075471698113, "downloads_queue_size": 0}