{"parse_queue_size": 194, "c485b1f6-ce82-4859-9276-1412ceaf71bc_screenshot": {"_type": "histogram", "values": [31856, 4990, 29212, 51844, 32697, 26790, 21497, 15348, 13219, 15736, 10718, 16798, 9823, 10983, 9312, 11050, 11019, 11635, 10938, 13874, 15664, 15580, 16324, 21002, 24215, 21315, 28094, 27987, 98630, 28057, 46766, 1217027], "bins": [0.0, 7.96875, 15.9375, 23.90625, 31.875, 39.84375, 47.8125, 55.78125, 63.75, 71.71875, 79.6875, 87.65625, 95.625, 103.59375, 111.5625, 119.53125, 127.5, 135.46875, 143.4375, 151.40625, 159.375, 167.34375, 175.3125, 183.28125, 191.25, 199.21875, 207.1875, 215.15625, 223.125, 231.09375, 239.0625, 247.03125, 255.0]}, "_runtime": 35, "_timestamp": 1616087646, "_step": 6, "5612a375-efa6-44b3-b008-71452bc31e74_screenshot": {"_type": "histogram", "values": [37729, 7184, 11052, 14843, 14699, 16909, 20804, 14547, 13798, 18955, 15607, 17951, 16515, 19574, 15497, 18318, 12806, 12989, 8637, 10421, 11471, 7049, 6627, 6582, 7204, 9123, 7829, 14355, 52613, 8223, 45125, 1424964], "bins": [0.0, 7.96875, 15.9375, 23.90625, 31.875, 39.84375, 47.8125, 55.78125, 63.75, 71.71875, 79.6875, 87.65625, 95.625, 103.59375, 111.5625, 119.53125, 127.5, 135.46875, 143.4375, 151.40625, 159.375, 167.34375, 175.3125, 183.28125, 191.25, 199.21875, 207.1875, 215.15625, 223.125, 231.09375, 239.0625, 247.03125, 255.0]}, "parse_corrects": 0, "parse_incorrects": 1, "parse_speed": 0.07142857142857142, "88bee127-49db-4124-a0d1-1c64d58b8324_screenshot": {"_type": "histogram", "values": [1866, 12, 15, 5, 10, 3, 36, 8, 5, 1457, 81, 3, 4, 505, 2, 251, 12, 565, 712, 1001, 1375, 601, 521, 1164, 14073, 99, 1251, 605360, 581528, 22505, 67127, 617843], "bins": [0.0, 7.96875, 15.9375, 23.90625, 31.875, 39.84375, 47.8125, 55.78125, 63.75, 71.71875, 79.6875, 87.65625, 95.625, 103.59375, 111.5625, 119.53125, 127.5, 135.46875, 143.4375, 151.40625, 159.375, 167.34375, 175.3125, 183.28125, 191.25, 199.21875, 207.1875, 215.15625, 223.125, 231.09375, 239.0625, 247.03125, 255.0]}, "d829b8d5-7518-4b16-9ea9-3147c2192d28_screenshot": {"_type": "histogram", "values": [502766, 329718, 221331, 130570, 0, 0, 32, 0, 0, 1492, 76, 3, 0, 488, 5, 246, 11, 456, 703, 991, 1363, 594, 505, 1150, 11486, 65, 1277, 1991, 2728, 22574, 69677, 617702], "bins": [0.0, 7.96875, 15.9375, 23.90625, 31.875, 39.84375, 47.8125, 55.78125, 63.75, 71.71875, 79.6875, 87.65625, 95.625, 103.59375, 111.5625, 119.53125, 127.5, 135.46875, 143.4375, 151.40625, 159.375, 167.34375, 175.3125, 183.28125, 191.25, 199.21875, 207.1875, 215.15625, 223.125, 231.09375, 239.0625, 247.03125, 255.0]}}