{"edee5225-8540-4b38-8406-9ef044cc8c2b": {"_type": "images/separated", "width": 800, "height": 600, "format": "png", "count": 1, "captions": ["edee5225-8540-4b38-8406-9ef044cc8c2b"]}, "_runtime": 194, "_timestamp": 1616164637, "_step": 178, "parse_queue_size": 1325, "343ebe84-316c-4e25-9387-c92563d89043": {"_type": "images/separated", "width": 800, "height": 600, "format": "png", "count": 1, "captions": ["343ebe84-316c-4e25-9387-c92563d89043"]}, "0edb847a-e475-429c-8bdd-c41ee7d48bbf": {"_type": "images/separated", "width": 800, "height": 600, "format": "png", "count": 1, "captions": ["0edb847a-e475-429c-8bdd-c41ee7d48bbf"]}, "f463c1d1-3a64-46fa-8ed3-169255b5cbef": {"_type": "images/separated", "width": 800, "height": 600, "format": "png", "count": 1, "captions": ["f463c1d1-3a64-46fa-8ed3-169255b5cbef"]}, "parse_corrects": 29, "parse_incorrects": 1, "parse_speed": 0.1694915254237288, "downloads_corrects": 740, "downloads_incorrects": 417, "downloads_speed": 6.760233918128655, "downloads_queue_size": 0}