{"parse_queue_size": 1516, "ffd1257d-fc64-429d-8ce2-06fe73084a26_screenshot": {"_type": "histogram", "values": [115819, 304302, 162193, 124589, 121104, 132631, 80423, 44264, 21959, 78670, 76, 3, 0, 471, 1, 245, 11, 504, 703, 955, 1264, 306, 477, 1306, 11795, 101, 1258, 1991, 2726, 22690, 69677, 617486], "bins": [0.0, 7.96875, 15.9375, 23.90625, 31.875, 39.84375, 47.8125, 55.78125, 63.75, 71.71875, 79.6875, 87.65625, 95.625, 103.59375, 111.5625, 119.53125, 127.5, 135.46875, 143.4375, 151.40625, 159.375, 167.34375, 175.3125, 183.28125, 191.25, 199.21875, 207.1875, 215.15625, 223.125, 231.09375, 239.0625, 247.03125, 255.0]}, "_runtime": 225, "_timestamp": 1616161865, "_step": 89, "parse_corrects": 34, "parse_incorrects": 6, "parse_speed": 0.19117647058823528, "e1ea4419-002d-432c-9fe0-5fe4f4d36fc2_screenshot": {"_type": "histogram", "values": [159564, 268905, 144096, 122112, 119877, 118792, 83953, 69504, 19574, 79583, 76, 3, 0, 420, 1, 245, 11, 399, 703, 955, 1207, 306, 477, 1267, 11795, 101, 1267, 1991, 2726, 22567, 69677, 617846], "bins": [0.0, 7.96875, 15.9375, 23.90625, 31.875, 39.84375, 47.8125, 55.78125, 63.75, 71.71875, 79.6875, 87.65625, 95.625, 103.59375, 111.5625, 119.53125, 127.5, 135.46875, 143.4375, 151.40625, 159.375, 167.34375, 175.3125, 183.28125, 191.25, 199.21875, 207.1875, 215.15625, 223.125, 231.09375, 239.0625, 247.03125, 255.0]}, "3e1e4c9d-1751-42fe-b5f8-297d78285268_screenshot": {"_type": "histogram", "values": [28553, 92010, 61155, 48852, 37217, 36308, 35222, 31218, 28384, 24117, 18870, 17304, 15612, 14047, 11333, 10595, 10686, 12544, 10842, 12974, 13913, 14560, 13865, 15053, 29909, 21517, 19417, 20433, 57696, 17790, 44932, 1093072], "bins": [0.0, 7.96875, 15.9375, 23.90625, 31.875, 39.84375, 47.8125, 55.78125, 63.75, 71.71875, 79.6875, 87.65625, 95.625, 103.59375, 111.5625, 119.53125, 127.5, 135.46875, 143.4375, 151.40625, 159.375, 167.34375, 175.3125, 183.28125, 191.25, 199.21875, 207.1875, 215.15625, 223.125, 231.09375, 239.0625, 247.03125, 255.0]}, "4703552b-a368-4ad9-9120-c29f82a8db41_screenshot": {"_type": "histogram", "values": [35019, 16979, 24926, 26427, 21697, 19854, 18380, 14507, 12929, 17372, 12877, 23222, 15428, 14833, 14082, 12862, 17023, 23310, 24501, 30748, 47193, 41968, 14299, 13469, 31666, 18542, 24153, 16189, 45923, 19897, 34664, 1215061], "bins": [0.0, 7.96875, 15.9375, 23.90625, 31.875, 39.84375, 47.8125, 55.78125, 63.75, 71.71875, 79.6875, 87.65625, 95.625, 103.59375, 111.5625, 119.53125, 127.5, 135.46875, 143.4375, 151.40625, 159.375, 167.34375, 175.3125, 183.28125, 191.25, 199.21875, 207.1875, 215.15625, 223.125, 231.09375, 239.0625, 247.03125, 255.0]}, "downloads_corrects": 814, "downloads_incorrects": 556, "downloads_speed": 6.645631067961165, "downloads_queue_size": 0}