{"parse_queue_size": 195, "61948030-0b84-4f61-bec5-b7a9f34e1225_screenshot": {"_type": "histogram", "values": [167537, 293142, 152554, 110949, 110768, 82859, 68403, 80694, 38401, 80740, 76, 3, 0, 432, 1, 245, 11, 534, 703, 955, 1186, 306, 477, 1240, 11795, 89, 1204, 1991, 2726, 22561, 69533, 617885], "bins": [0.0, 7.96875, 15.9375, 23.90625, 31.875, 39.84375, 47.8125, 55.78125, 63.75, 71.71875, 79.6875, 87.65625, 95.625, 103.59375, 111.5625, 119.53125, 127.5, 135.46875, 143.4375, 151.40625, 159.375, 167.34375, 175.3125, 183.28125, 191.25, 199.21875, 207.1875, 215.15625, 223.125, 231.09375, 239.0625, 247.03125, 255.0]}, "_runtime": 26, "_timestamp": 1616087548, "_step": 2, "parse_corrects": 0, "parse_incorrects": 0, "parse_speed": 0.0, "f330f0f7-e74c-435d-b6c3-0e0ada564443_screenshot": {"_type": "histogram", "values": [91348, 282771, 177303, 127341, 124761, 96793, 81242, 95299, 29030, 80018, 76, 3, 0, 444, 1, 245, 11, 462, 703, 955, 1180, 306, 477, 1237, 11795, 89, 1177, 1991, 2726, 22564, 69533, 618119], "bins": [0.0, 7.96875, 15.9375, 23.90625, 31.875, 39.84375, 47.8125, 55.78125, 63.75, 71.71875, 79.6875, 87.65625, 95.625, 103.59375, 111.5625, 119.53125, 127.5, 135.46875, 143.4375, 151.40625, 159.375, 167.34375, 175.3125, 183.28125, 191.25, 199.21875, 207.1875, 215.15625, 223.125, 231.09375, 239.0625, 247.03125, 255.0]}, "b3508290-d564-42a3-ad4c-b2d0e366e965_screenshot": {"_type": "histogram", "values": [80193, 282202, 175468, 129349, 119451, 102245, 79897, 87036, 50230, 79865, 76, 3, 0, 483, 1, 245, 11, 405, 703, 955, 1159, 306, 477, 1399, 11795, 101, 1201, 1991, 2726, 22603, 69677, 617747], "bins": [0.0, 7.96875, 15.9375, 23.90625, 31.875, 39.84375, 47.8125, 55.78125, 63.75, 71.71875, 79.6875, 87.65625, 95.625, 103.59375, 111.5625, 119.53125, 127.5, 135.46875, 143.4375, 151.40625, 159.375, 167.34375, 175.3125, 183.28125, 191.25, 199.21875, 207.1875, 215.15625, 223.125, 231.09375, 239.0625, 247.03125, 255.0]}}