{"parse_queue_size": 7027, "4a80a63b-c7c0-4bd1-8bec-552aee4b53af_screenshot": {"_type": "histogram", "values": [20087, 8748, 16627, 31959, 29012, 21744, 21746, 18070, 16523, 19896, 16328, 15805, 15201, 17199, 17209, 18536, 18829, 22115, 22556, 27105, 29946, 28384, 28324, 37782, 52795, 41621, 32804, 31641, 43071, 29325, 52205, 1116807], "bins": [0.0, 7.96875, 15.9375, 23.90625, 31.875, 39.84375, 47.8125, 55.78125, 63.75, 71.71875, 79.6875, 87.65625, 95.625, 103.59375, 111.5625, 119.53125, 127.5, 135.46875, 143.4375, 151.40625, 159.375, 167.34375, 175.3125, 183.28125, 191.25, 199.21875, 207.1875, 215.15625, 223.125, 231.09375, 239.0625, 247.03125, 255.0]}, "_runtime": 2009, "_timestamp": 1616163911, "_step": 906, "parse_corrects": 290, "parse_incorrects": 78, "parse_speed": 0.18632911392405063, "b684b3cf-1bb6-4664-baab-edfdbd2d09ff_screenshot": {"_type": "histogram", "values": [140844, 271893, 146586, 121313, 102667, 100405, 74592, 86417, 60104, 79525, 75, 4, 0, 156, 276, 26, 225, 223, 11, 2849, 614, 517, 546, 981, 11672, 156, 1211, 2093, 1594, 7961, 28475, 675989], "bins": [0.0, 7.96875, 15.9375, 23.90625, 31.875, 39.84375, 47.8125, 55.78125, 63.75, 71.71875, 79.6875, 87.65625, 95.625, 103.59375, 111.5625, 119.53125, 127.5, 135.46875, 143.4375, 151.40625, 159.375, 167.34375, 175.3125, 183.28125, 191.25, 199.21875, 207.1875, 215.15625, 223.125, 231.09375, 239.0625, 247.03125, 255.0]}, "5dd756fb-8439-4d16-81d5-ee7d238c7807_screenshot": {"_type": "histogram", "values": [76243, 297461, 214913, 165453, 124328, 104735, 59139, 46640, 17754, 79264, 76, 3, 0, 432, 1, 245, 11, 480, 703, 955, 1183, 306, 477, 1399, 11795, 101, 1252, 1991, 2726, 22540, 69677, 617717], "bins": [0.0, 7.96875, 15.9375, 23.90625, 31.875, 39.84375, 47.8125, 55.78125, 63.75, 71.71875, 79.6875, 87.65625, 95.625, 103.59375, 111.5625, 119.53125, 127.5, 135.46875, 143.4375, 151.40625, 159.375, 167.34375, 175.3125, 183.28125, 191.25, 199.21875, 207.1875, 215.15625, 223.125, 231.09375, 239.0625, 247.03125, 255.0]}, "5d8f04d2-6f30-4b96-8a1c-b148dd3a40ab_screenshot": {"_type": "histogram", "values": [28402, 8061, 16065, 19546, 16935, 14497, 14369, 12024, 10411, 13161, 7880, 7956, 7199, 9647, 7410, 8632, 10007, 11594, 10214, 13857, 16572, 15507, 17135, 21224, 45608, 36721, 41574, 50068, 70151, 34899, 53763, 1268911], "bins": [0.0, 7.96875, 15.9375, 23.90625, 31.875, 39.84375, 47.8125, 55.78125, 63.75, 71.71875, 79.6875, 87.65625, 95.625, 103.59375, 111.5625, 119.53125, 127.5, 135.46875, 143.4375, 151.40625, 159.375, 167.34375, 175.3125, 183.28125, 191.25, 199.21875, 207.1875, 215.15625, 223.125, 231.09375, 239.0625, 247.03125, 255.0]}, "downloads_corrects": 14162, "downloads_incorrects": 6181, "downloads_speed": 10.289327263530602, "downloads_queue_size": 0}