{"downloads_queue_size": 23, "downloads_incorrects": 2728, "_runtime": 353, "_timestamp": 1616086514, "_step": 142, "downloads_corrects": 3898, "downloads_speed": 20.833333333333332, "parse_corrects": 32, "parse_incorrects": 2, "parse_speed": 0.11301369863013698, "parse_queue_size": 162}